mass,epsilon,llp_rate,LLPModel_unique_id
0.107,0.0001,3.4459376444803914e-05,DLS_0.107_0.0001_5.3899631034106934e-11
0.107,1.1885022274370166e-06,9.067106702808573e-11,DLS_0.107_1.1885022274370166e-06_3.815801657045658e-07
0.107,1.2115276586285876e-05,5.579365339708821e-07,DLS_0.107_1.2115276586285876e-05_3.6721391148687463e-09
0.107,1.4677992676220675e-06,2.1000551051157638e-10,DLS_0.107_1.4677992676220675e-06_2.501799255437602e-07
0.107,1.4962356560944327e-05,1.0743561095243087e-06,DLS_0.107_1.4962356560944327e-05_2.4076080805926437e-09
0.107,1.8127308811846967e-06,4.853065481285872e-10,DLS_0.107_1.8127308811846967e-06_1.6402842907076316e-07
0.107,1.8478497974222908e-05,1.983997363572741e-06,DLS_0.107_1.8478497974222908e-05_1.5785286146334302e-09
0.107,2.2387211385683376e-06,1.1177450389254355e-09,DLS_0.107_2.2387211385683376e-06_1.0754390259308086e-07
0.107,2.2820929710674507e-05,3.497930697341893e-06,DLS_0.107_2.2820929710674507e-05_1.034949420257462e-09
0.107,2.7648187540101058e-06,2.5616067397064846e-09,DLS_0.107_2.7648187540101058e-06_7.051028318975446e-08
0.107,2.818382931264455e-05,5.861646263222598e-06,DLS_0.107_2.818382931264455e-05_6.78556151951667e-10
0.107,3.414548873833601e-06,5.82829670263972e-09,DLS_0.107_3.414548873833601e-06_4.6229492473516e-08
0.107,3.480700588428413e-05,9.296273741293974e-06,DLS_0.107_3.480700588428413e-05_4.448898103995378e-10
0.107,4.216965034285822e-06,1.3124946886057751e-08,DLS_0.107_4.216965034285822e-06_3.030998994299056e-08
0.107,4.2986623470822724e-05,1.3894261049990406e-05,DLS_0.107_4.2986623470822724e-05_2.916883780775679e-10
0.107,5.207948328595465e-06,2.9138902095241674e-08,DLS_0.107_5.207948328595465e-06_1.987249786206266e-08
0.107,5.308844442309879e-05,1.947967232490064e-05,DLS_0.107_5.308844442309879e-05_1.912431076565072e-10
0.107,6.30957344480193e-07,7.245920051167324e-12,DLS_0.107_6.30957344480193e-07_1.35389751857946e-06
0.107,6.431811877215091e-06,6.34812095347199e-08,DLS_0.107_6.431811877215091e-06_1.3029241250837584e-08
0.107,6.556418494179785e-05,2.5478664149700577e-05,DLS_0.107_6.556418494179785e-05_1.2538698479235394e-10
0.107,7.79231798434194e-07,1.6835159246200086e-11,DLS_0.107_7.79231798434194e-07_8.876718730038493e-07
0.107,7.943282347242822e-06,1.350322764473832e-07,DLS_0.107_7.943282347242822e-06_8.54251583021217e-09
0.107,8.097171416105617e-05,3.088936181208725e-05,DLS_0.107_8.097171416105617e-05_8.220895460220289e-11
0.107,9.623506263980887e-07,3.9089281703702363e-11,DLS_0.107_9.623506263980887e-07_5.819948284925647e-07
0.107,9.809947127268783e-06,2.79082657270678e-07,DLS_0.107_9.809947127268783e-06_5.600830877602667e-09
0.108,0.0001,6.258519748214008e-06,DLS_0.108_0.0001_1.7070564633026816e-11
0.108,1.1885022274370166e-06,1.9174415978720704e-10,DLS_0.108_1.1885022274370166e-06_1.2085034269008332e-07
0.108,1.2115276586285876e-05,6.529626016457315e-07,DLS_0.108_1.2115276586285876e-05_1.1630040298822514e-09
0.108,1.4677992676220675e-06,4.4015328941441424e-10,DLS_0.108_1.4677992676220675e-06_7.923454218412272e-08
0.108,1.4962356560944327e-05,1.1112487185986837e-06,DLS_0.108_1.4962356560944327e-05_7.625141130325614e-10
0.108,1.8127308811846967e-06,1.0038435169651028e-09,DLS_0.108_1.8127308811846967e-06_5.1949481775385066e-08
0.108,1.8478497974222908e-05,1.791705558478758e-06,DLS_0.108_1.8478497974222908e-05_4.99936163275978e-10
0.108,2.2387211385683376e-06,2.2682204432729628e-09,DLS_0.108_2.2387211385683376e-06_3.4060254307519034e-08
0.108,2.2820929710674507e-05,2.7252290923183263e-06,DLS_0.108_2.2820929710674507e-05_3.2777907068119075e-10
0.108,2.7648187540101058e-06,5.059042520471533e-09,DLS_0.108_2.7648187540101058e-06_2.2331328125828447e-08
0.108,2.818382931264455e-05,3.892772856654356e-06,DLS_0.108_2.818382931264455e-05_2.1490567610192217e-10
0.108,3.414548873833601e-06,1.1088739455673253e-08,DLS_0.108_3.414548873833601e-06_1.4641353272377877e-08
0.108,3.480700588428413e-05,5.194799183053899e-06,DLS_0.108_3.480700588428413e-05_1.4090115492988533e-10
0.108,4.216965034285822e-06,2.3767708812237556e-08,DLS_0.108_4.216965034285822e-06_9.599483937483806e-09
0.108,4.2986623470822724e-05,6.436318028382997e-06,DLS_0.108_4.2986623470822724e-05_9.238069380335949e-11
0.108,5.207948328595465e-06,4.9572626652113656e-08,DLS_0.108_5.207948328595465e-06_6.293823402230062e-09
0.108,5.308844442309879e-05,7.351309115628258e-06,DLS_0.108_5.308844442309879e-05_6.056864893575063e-11
0.108,6.30957344480193e-07,1.5517646167607746e-11,DLS_0.108_6.30957344480193e-07_4.287931967990742e-07
0.108,6.431811877215091e-06,1.0014964781286463e-07,DLS_0.108_6.431811877215091e-06_4.1264940153482704e-09
0.108,6.556418494179785e-05,7.682390854741617e-06,DLS_0.108_6.556418494179785e-05_3.971134100498382e-11
0.108,7.79231798434194e-07,3.5958645232538885e-11,DLS_0.108_7.79231798434194e-07_2.8113476456719227e-07
0.108,7.943282347242822e-06,1.9513404314890638e-07,DLS_0.108_7.943282347242822e-06_2.705502167835161e-09
0.108,8.097171416105617e-05,7.2949431596826296e-06,DLS_0.108_8.097171416105617e-05_2.6036417059375597e-11
0.108,9.623506263980887e-07,8.315964336350234e-11,DLS_0.108_9.623506263980887e-07_1.8432371697652192e-07
0.108,9.809947127268783e-06,3.650917765620456e-07,DLS_0.108_9.809947127268783e-06_1.7738404449237951e-09
0.109,0.0001,1.4352555327105786e-06,DLS_0.109_0.0001_8.429343763507269e-12
0.109,1.1885022274370166e-06,2.8884577287538963e-10,DLS_0.109_1.1885022274370166e-06_5.967518382499713e-08
0.109,1.2115276586285876e-05,5.830040900264849e-07,DLS_0.109_1.2115276586285876e-05_5.742845053440697e-10
0.109,1.4677992676220675e-06,6.549246495206631e-10,DLS_0.109_1.4677992676220675e-06_3.912554788737896e-08
0.109,1.4962356560944327e-05,9.046131350441459e-07,DLS_0.109_1.4962356560944327e-05_3.7652495517587484e-10
0.109,1.8127308811846967e-06,1.467771464457577e-09,DLS_0.109_1.8127308811846967e-06_2.5652346576372825e-08
0.109,1.8478497974222908e-05,1.320018138934306e-06,DLS_0.109_1.8478497974222908e-05_2.4686551796353204e-10
0.109,2.2387211385683376e-06,3.237760991471621e-09,DLS_0.109_2.2387211385683376e-06_1.681875195124403e-08
0.109,2.2820929710674507e-05,1.8024674945929738e-06,DLS_0.109_2.2820929710674507e-05_1.6185536475513738e-10
0.109,2.7648187540101058e-06,6.996303591713714e-09,DLS_0.109_2.7648187540101058e-06_1.1027077634215871e-08
0.109,2.818382931264455e-05,2.289661235644025e-06,DLS_0.109_2.818382931264455e-05_1.0611915068627974e-10
0.109,3.414548873833601e-06,1.4735901936674123e-08,DLS_0.109_3.414548873833601e-06_7.229813573772918e-09
0.109,3.480700588428413e-05,2.6871952273151268e-06,DLS_0.109_3.480700588428413e-05_6.95761562146176e-11
0.109,4.216965034285822e-06,3.011076611679177e-08,DLS_0.109_4.216965034285822e-06_4.7401683424556815e-09
0.109,4.2986623470822724e-05,2.8920135362826214e-06,DLS_0.109_4.2986623470822724e-05_4.561703973594624e-11
0.109,5.207948328595465e-06,5.942828271632416e-08,DLS_0.109_5.207948328595465e-06_3.107852738600197e-09
0.109,5.308844442309879e-05,2.8335974682938908e-06,DLS_0.109_5.308844442309879e-05_2.990844029744922e-11
0.109,6.30957344480193e-07,2.3803534222538752e-11,DLS_0.109_6.30957344480193e-07_2.1173554226083828e-07
0.109,6.431811877215091e-06,1.1279784771859157e-07,DLS_0.109_6.431811877215091e-06_2.0376383172545623e-09
0.109,6.556418494179785e-05,2.5121838716866565e-06,DLS_0.109_6.556418494179785e-05_1.96092251098268e-11
0.109,7.79231798434194e-07,5.494662577109204e-11,DLS_0.109_7.79231798434194e-07_1.3882268251541456e-07
0.109,7.943282347242822e-06,2.0496469156327032e-07,DLS_0.109_7.943282347242822e-06_1.3359609547697187e-09
0.109,8.097171416105617e-05,2.005482161628446e-06,DLS_0.109_8.097171416105617e-05_1.2856628616660305e-11
0.109,9.623506263980887e-07,1.2634199315301234e-10,DLS_0.109_9.623506263980887e-07_9.101796030557127e-08
0.109,9.809947127268783e-06,3.549113393600005e-07,DLS_0.109_9.809947127268783e-06_8.75911911135427e-10
0.111,0.0001,1.2718457839278883e-07,DLS_0.111_0.0001_3.3946466766152313e-12
0.111,1.1885022274370166e-06,4.5632276859336155e-10,DLS_0.111_1.1885022274370166e-06_2.4032258041833845e-08
0.111,1.2115276586285876e-05,3.8274590784916497e-07,DLS_0.111_1.2115276586285876e-05_2.3127458580319263e-10
0.111,1.4677992676220675e-06,1.0037102094977464e-09,DLS_0.111_1.4677992676220675e-06_1.575655410823803e-08
0.111,1.4962356560944327e-05,5.167054386701385e-07,DLS_0.111_1.4962356560944327e-05_1.5163329715938215e-10
0.111,1.8127308811846967e-06,2.161096328042323e-09,DLS_0.111_1.8127308811846967e-06_1.0330656275979631e-08
0.111,1.8478497974222908e-05,6.480762221596053e-07,DLS_0.111_1.8478497974222908e-05_9.941713538292322e-11
0.111,2.2387211385683376e-06,4.532500703056879e-09,DLS_0.111_2.2387211385683376e-06_6.773210586484732e-09
0.111,2.2820929710674507e-05,7.498803915210825e-07,DLS_0.111_2.2820929710674507e-05_6.518203450629735e-11
0.111,2.7648187540101058e-06,9.216829517281988e-09,DLS_0.111_2.7648187540101058e-06_4.44080031542028e-09
0.111,2.818382931264455e-05,7.944532651072548e-07,DLS_0.111_2.818382931264455e-05_4.273606965253528e-11
0.111,3.414548873833601e-06,1.8092376833563977e-08,DLS_0.111_3.414548873833601e-06_2.9115745316980937e-09
0.111,3.480700588428413e-05,7.651908324982969e-07,DLS_0.111_3.480700588428413e-05_2.801955574384378e-11
0.111,4.216965034285822e-06,3.4131627294237165e-08,DLS_0.111_4.216965034285822e-06_1.908950110680824e-09
0.111,4.2986623470822724e-05,6.66079127477945e-07,DLS_0.111_4.2986623470822724e-05_1.837079334776395e-11
0.111,5.207948328595465e-06,6.159702665554706e-08,DLS_0.111_5.207948328595465e-06_1.25158758101343e-09
0.111,5.308844442309879e-05,5.215158554447312e-07,DLS_0.111_5.308844442309879e-05_1.2044660925803455e-11
0.111,6.30957344480193e-07,3.947300628701829e-11,DLS_0.111_6.30957344480193e-07_8.526966926758897e-08
0.111,6.431811877215091e-06,1.0584564148066689e-07,DLS_0.111_6.431811877215091e-06_8.205931963242192e-10
0.111,6.556418494179785e-05,3.6564850813677124e-07,DLS_0.111_6.556418494179785e-05_7.89698376500624e-12
0.111,7.79231798434194e-07,9.014209997992944e-11,DLS_0.111_7.79231798434194e-07_5.5906363657861404e-08
0.111,7.943282347242822e-06,1.7240015623819066e-07,DLS_0.111_7.943282347242822e-06_5.380152408578214e-10
0.111,8.097171416105617e-05,2.2855555396202878e-07,DLS_0.111_8.097171416105617e-05_5.177593040512442e-12
0.111,9.623506263980887e-07,2.040599404602245e-10,DLS_0.111_9.623506263980887e-07_3.665455166287431e-08
0.111,9.809947127268783e-06,2.650135823836005e-07,DLS_0.111_9.809947127268783e-06_3.527453075310813e-10
0.112,0.0001,4.6071018425230665e-08,DLS_0.112_0.0001_2.448092728675049e-12
0.112,1.1885022274370166e-06,5.242673333679882e-10,DLS_0.112_1.1885022274370166e-06_1.733116927046968e-08
0.112,1.2115276586285876e-05,3.021066882531042e-07,DLS_0.112_1.2115276586285876e-05_1.667866160364777e-10
0.112,1.4677992676220675e-06,1.134643806904691e-09,DLS_0.112_1.4677992676220675e-06_1.1363039873066781e-08
0.112,1.4962356560944327e-05,3.852458901271322e-07,DLS_0.112_1.4962356560944327e-05_1.0935228539632252e-10
0.112,1.8127308811846967e-06,2.3946586332187773e-09,DLS_0.112_1.8127308811846967e-06_7.450084477387736e-09
0.112,1.8478497974222908e-05,4.5389634506263145e-07,DLS_0.112_1.8478497974222908e-05_7.169593463532748e-11
0.112,2.2387211385683376e-06,4.90522437691857e-09,DLS_0.112_2.2387211385683376e-06_4.884587165074669e-09
0.112,2.2820929710674507e-05,4.904025712464061e-07,DLS_0.112_2.2820929710674507e-05_4.7006855180056625e-11
0.112,2.7648187540101058e-06,9.709075197888516e-09,DLS_0.112_2.7648187540101058e-06_3.202539762552877e-09
0.112,2.818382931264455e-05,4.82349002581574e-07,DLS_0.112_2.818382931264455e-05_3.081966146557541e-11
0.112,3.414548873833601e-06,1.8487685393413596e-08,DLS_0.112_3.414548873833601e-06_2.0997190927547812e-09
0.112,3.480700588428413e-05,4.2922182934059787e-07,DLS_0.112_3.480700588428413e-05_2.0206659841725867e-11
0.112,4.216965034285822e-06,3.3711196950332195e-08,DLS_0.112_4.216965034285822e-06_1.376663709231985e-09
0.112,4.2986623470822724e-05,3.438374343688215e-07,DLS_0.112_4.2986623470822724e-05_1.3248331829189195e-11
0.112,5.207948328595465e-06,5.8588032263179376e-08,DLS_0.112_5.207948328595465e-06_9.02598340347473e-10
0.112,5.308844442309879e-05,2.4685272322019574e-07,DLS_0.112_5.308844442309879e-05_8.686160782192677e-12
0.112,6.30957344480193e-07,4.6649166729560536e-11,DLS_0.112_6.30957344480193e-07_6.149330908236126e-08
0.112,6.431811877215091e-06,9.660481956458308e-08,DLS_0.112_6.431811877215091e-06_5.917812451470151e-10
0.112,6.556418494179785e-05,1.5811544493167325e-07,DLS_0.112_6.556418494179785e-05_5.69501051957872e-12
0.112,7.79231798434194e-07,1.058338590880714e-10,DLS_0.112_7.79231798434194e-07_4.031758689359072e-08
0.112,7.943282347242822e-06,1.504675287833053e-07,DLS_0.112_7.943282347242822e-06_3.8799655001906304e-10
0.112,8.097171416105617e-05,9.012432234242314e-08,DLS_0.112_8.097171416105617e-05_3.733887229511436e-12
0.112,9.623506263980887e-07,2.3738726662911294e-10,DLS_0.112_9.623506263980887e-07_2.643389723498387e-08
0.112,9.809947127268783e-06,2.204010691782685e-07,DLS_0.112_9.809947127268783e-06_2.543867756222938e-10
0.113,0.0001,1.862493839911064e-08,DLS_0.113_0.0001_1.8572607041110724e-12
0.113,1.1885022274370166e-06,5.817526931934299e-10,DLS_0.113_1.1885022274370166e-06_1.3148398859777536e-08
0.113,1.2115276586285876e-05,2.3781813521281597e-07,DLS_0.113_1.2115276586285876e-05_1.2653369878838802e-10
0.113,1.4677992676220675e-06,1.2390196194678268e-09,DLS_0.113_1.4677992676220675e-06_8.620640545309784e-09
0.113,1.4962356560944327e-05,2.8797825435426405e-07,DLS_0.113_1.4962356560944327e-05_8.296078828731615e-11
0.113,1.8127308811846967e-06,2.5653251781970824e-09,DLS_0.113_1.8127308811846967e-06_5.652052710294518e-09
0.113,1.8478497974222908e-05,3.205721057260206e-07,DLS_0.113_1.8478497974222908e-05_5.439256466186932e-11
0.113,2.2387211385683376e-06,5.14008532354229e-09,DLS_0.113_2.2387211385683376e-06_3.705722291985396e-09
0.113,2.2820929710674507e-05,3.2560735079042434e-07,DLS_0.113_2.2820929710674507e-05_3.5662041689494996e-11
0.113,2.7648187540101058e-06,9.923153698073827e-09,DLS_0.113_2.7648187540101058e-06_2.429626616946735e-09
0.113,2.818382931264455e-05,2.997610673352613e-07,DLS_0.113_2.818382931264455e-05_2.338152696732155e-11
0.113,3.414548873833601e-06,1.8373988833767994e-08,DLS_0.113_3.414548873833601e-06_1.5929648885301033e-09
0.113,3.480700588428413e-05,2.4879373208490084e-07,DLS_0.113_3.480700588428413e-05_1.532990758307104e-11
0.113,4.216965034285822e-06,3.247761831488658e-08,DLS_0.113_4.216965034285822e-06_1.0444144455737812e-09
0.113,4.2986623470822724e-05,1.8531564620708685e-07,DLS_0.113_4.2986623470822724e-05_1.0050928959171428e-11
0.113,5.207948328595465e-06,5.4546704980305704e-08,DLS_0.113_5.207948328595465e-06_6.847618186548467e-10
0.113,5.308844442309879e-05,1.2331655581420504e-07,DLS_0.113_5.308844442309879e-05_6.589809651159874e-12
0.113,6.30957344480193e-07,5.3323677058273956e-11,DLS_0.113_6.30957344480193e-07_4.665227962432536e-08
0.113,6.431811877215091e-06,8.666135414828933e-08,DLS_0.113_6.431811877215091e-06_4.4895850519368204e-10
0.113,6.556418494179785e-05,7.303692916439111e-08,DLS_0.113_6.556418494179785e-05_4.320554986998904e-12
0.113,7.79231798434194e-07,1.201185217276388e-10,DLS_0.113_7.79231798434194e-07_3.058718689245736e-08
0.113,7.943282347242822e-06,1.296738052984351e-07,DLS_0.113_7.943282347242822e-06_2.943559846571168e-10
0.113,8.097171416105617e-05,3.861911767720726e-08,DLS_0.113_8.097171416105617e-05_2.832736662188032e-12
0.113,9.623506263980887e-07,2.668135171439644e-10,DLS_0.113_9.623506263980887e-07_2.005423978266409e-08
0.113,9.809947127268783e-06,1.8188312246319945e-07,DLS_0.113_9.809947127268783e-06_1.929921021678422e-10
0.114,0.0001,8.293173582060566e-09,DLS_0.114_0.0001_1.4629347710191596e-12
0.114,1.1885022274370166e-06,6.294795288412318e-10,DLS_0.114_1.1885022274370166e-06_1.0356785039719918e-08
0.114,1.2115276586285876e-05,1.8744954433030364e-07,DLS_0.114_1.2115276586285876e-05_9.966858570444797e-11
0.114,1.4677992676220675e-06,1.319934320297286e-09,DLS_0.114_1.4677992676220675e-06_6.790341697466417e-09
0.114,1.4962356560944327e-05,2.164400646794535e-07,DLS_0.114_1.4962356560944327e-05_6.534689586013855e-11
0.114,1.8127308811846967e-06,2.6836342794144585e-09,DLS_0.114_1.8127308811846967e-06_4.452032188706898e-09
0.114,1.8478497974222908e-05,2.2872859091375964e-07,DLS_0.114_1.8478497974222908e-05_4.2844159655465285e-11
0.114,2.2387211385683376e-06,5.267133479335032e-09,DLS_0.114_2.2387211385683376e-06_2.918938617872162e-09
0.114,2.2820929710674507e-05,2.1965633219621355e-07,DLS_0.114_2.2820929710674507e-05_2.8090424073268404e-11
0.114,2.7648187540101058e-06,9.934773252230195e-09,DLS_0.114_2.7648187540101058e-06_1.913778313759262e-09
0.114,2.818382931264455e-05,1.9056147232485712e-07,DLS_0.114_2.818382931264455e-05_1.8417257590332998e-11
0.114,3.414548873833601e-06,1.7924279648497204e-08,DLS_0.114_3.414548873833601e-06_1.2547531530091427e-09
0.114,3.480700588428413e-05,1.4863091013760836e-07,DLS_0.114_3.480700588428413e-05_1.2075124827733234e-11
0.114,4.216965034285822e-06,3.078737457319796e-08,DLS_0.114_4.216965034285822e-06_8.226686778019543e-10
0.114,4.2986623470822724e-05,1.0375463664779764e-07,DLS_0.114_4.2986623470822724e-05_7.916957174007995e-12
0.114,5.207948328595465e-06,5.011572332269313e-08,DLS_0.114_5.207948328595465e-06_5.393760133723164e-10
0.114,5.308844442309879e-05,6.453848423471427e-08,DLS_0.114_5.308844442309879e-05_5.190688443329537e-12
0.114,6.30957344480193e-07,5.948017171794224e-11,DLS_0.114_6.30957344480193e-07_3.674726001506606e-08
0.114,6.431811877215091e-06,7.697398220790668e-08,DLS_0.114_6.431811877215091e-06_3.536374869391218e-10
0.114,6.556418494179785e-05,3.573660622382695e-08,DLS_0.114_6.556418494179785e-05_3.4032325707371054e-12
0.114,7.79231798434194e-07,1.329821233702337e-10,DLS_0.114_7.79231798434194e-07_2.4093041517321243e-08
0.114,7.943282347242822e-06,1.1104877984361738e-07,DLS_0.114_7.943282347242822e-06_2.3185953596029203e-10
0.114,8.097171416105617e-05,1.7839527084811448e-08,DLS_0.114_8.097171416105617e-05_2.2313016966775775e-12
0.114,9.623506263980887e-07,2.9243071587324384e-10,DLS_0.114_9.623506263980887e-07_1.579640629852064e-08
0.114,9.809947127268783e-06,1.4970862970442999e-07,DLS_0.114_9.809947127268783e-06_1.520168149622002e-10
0.115,0.0001,4.010457485821616e-09,DLS_0.115_0.0001_1.1861579413246528e-12
0.115,1.1885022274370166e-06,6.683653804813799e-10,DLS_0.115_1.1885022274370166e-06_8.397355141745583e-09
0.115,1.2115276586285876e-05,1.482312384353525e-07,DLS_0.115_1.2115276586285876e-05_8.081199980746059e-11
0.115,1.4677992676220675e-06,1.3806267521615292e-09,DLS_0.115_1.4677992676220675e-06_5.505657455353646e-09
0.115,1.4962356560944327e-05,1.6376943452334053e-07,DLS_0.115_1.4962356560944327e-05_5.2983729008928776e-11
0.115,1.8127308811846967e-06,2.7591395429334005e-09,DLS_0.115_1.8127308811846967e-06_3.6097394362899464e-09
0.115,1.8478497974222908e-05,1.6497219365860238e-07,DLS_0.115_1.8478497974222908e-05_3.473835007647506e-11
0.115,2.2387211385683376e-06,5.3110672490449764e-09,DLS_0.115_2.2387211385683376e-06_2.3666962399261517e-09
0.115,2.2820929710674507e-05,1.5052850698251546e-07,DLS_0.115_2.2820929710674507e-05_2.277591608986929e-11
0.115,2.7648187540101058e-06,9.801728553072972e-09,DLS_0.115_2.7648187540101058e-06_1.5517050997557577e-09
0.115,2.818382931264455e-05,1.2375328597112575e-07,DLS_0.115_2.818382931264455e-05_1.493284374735059e-11
0.115,3.414548873833601e-06,1.7261328693067094e-08,DLS_0.115_3.414548873833601e-06_1.0173628013551737e-09
0.115,3.480700588428413e-05,9.125190095397828e-08,DLS_0.115_3.480700588428413e-05_9.790597291582639e-12
0.115,4.216965034285822e-06,2.887146341339663e-08,DLS_0.115_4.216965034285822e-06_6.670256286095617e-10
0.115,4.2986623470822724e-05,6.007420601000779e-08,DLS_0.115_4.2986623470822724e-05_6.419125315159918e-12
0.115,5.207948328595465e-06,4.5661810824058913e-08,DLS_0.115_5.207948328595465e-06_4.373299167507628e-10
0.115,5.308844442309879e-05,3.518840342794649e-08,DLS_0.115_5.308844442309879e-05_4.208647193277214e-12
0.115,6.30957344480193e-07,6.511732574143872e-11,DLS_0.115_6.30957344480193e-07_2.979494038440735e-08
0.115,6.431811877215091e-06,6.798494271610047e-08,DLS_0.115_6.431811877215091e-06_2.8673179542428067e-10
0.115,6.556418494179785e-05,1.842072860297483e-08,DLS_0.115_6.556418494179785e-05_2.759365229348057e-12
0.115,7.79231798434194e-07,1.4445396842757852e-10,DLS_0.115_7.79231798434194e-07_1.953480981693125e-08
0.115,7.943282347242822e-06,9.483430236880861e-08,DLS_0.115_7.943282347242822e-06_1.879933646389128e-10
0.115,8.097171416105617e-05,8.824241201384638e-09,DLS_0.115_8.097171416105617e-05_1.8091553221894245e-12
0.115,9.623506263980887e-07,3.144426895943339e-10,DLS_0.115_9.623506263980887e-07_1.2807838836401288e-08
0.115,9.809947127268783e-06,1.2324576487490209e-07,DLS_0.115_9.809947127268783e-06_1.2325631727016524e-10
0.116,0.0001,2.0826959271654635e-09,DLS_0.116_0.0001_9.840956856271043e-13
0.116,1.1885022274370166e-06,6.99396053209004e-10,DLS_0.116_1.1885022274370166e-06_6.966863920703287e-09
0.116,1.2115276586285876e-05,1.177208786497244e-07,DLS_0.116_1.2115276586285876e-05_6.70456585811904e-11
0.116,1.4677992676220675e-06,1.424148639377339e-09,DLS_0.116_1.4677992676220675e-06_4.567767545613292e-09
0.116,1.4962356560944327e-05,1.248208181679889e-07,DLS_0.116_1.4962356560944327e-05_4.395793958761804e-11
0.116,1.8127308811846967e-06,2.8000389808009914e-09,DLS_0.116_1.8127308811846967e-06_2.9948195613173198e-09
0.116,1.8478497974222908e-05,1.202871630657329e-07,DLS_0.116_1.8478497974222908e-05_2.8820664807829655e-11
0.116,2.2387211385683376e-06,5.291684903266764e-09,DLS_0.116_2.2387211385683376e-06_1.9635290358552267e-09
0.116,2.2820929710674507e-05,1.0472373460170504e-07,DLS_0.116_2.2820929710674507e-05_1.8896033976061088e-11
0.116,2.7648187540101058e-06,9.567610407849286e-09,DLS_0.116_2.7648187540101058e-06_1.287371808454021e-09
0.116,2.818382931264455e-05,8.196889143735947e-08,DLS_0.116_2.818382931264455e-05_1.2389030662729649e-11
0.116,3.414548873833601e-06,1.6471317129625e-08,DLS_0.116_3.414548873833601e-06_8.440548333833617e-10
0.116,3.480700588428413e-05,5.7418969925417435e-08,DLS_0.116_3.480700588428413e-05_8.12276697620811e-12
0.116,4.216965034285822e-06,2.6876912118410648e-08,DLS_0.116_4.216965034285822e-06_5.533976719696511e-10
0.116,4.2986623470822724e-05,3.583760433589078e-08,DLS_0.116_4.2986623470822724e-05_5.325625962672388e-12
0.116,5.207948328595465e-06,4.138537389844827e-08,DLS_0.116_5.207948328595465e-06_3.6283067311378593e-10
0.116,5.308844442309879e-05,1.990738360727195e-08,DLS_0.116_5.308844442309879e-05_3.4917032554749275e-12
0.116,6.30957344480193e-07,7.024445172926254e-11,DLS_0.116_6.30957344480193e-07_2.4719366000338435e-08
0.116,6.431811877215091e-06,5.986379393956958e-08,DLS_0.116_6.431811877215091e-06_2.378869735458926e-10
0.116,6.556418494179785e-05,9.96356188678602e-09,DLS_0.116_6.556418494179785e-05_2.289306780038358e-12
0.116,7.79231798434194e-07,1.5459223359141674e-10,DLS_0.116_7.79231798434194e-07_1.620705084090179e-08
0.116,7.943282347242822e-06,8.092942367783328e-08,DLS_0.116_7.943282347242822e-06_1.5596865528807473e-10
0.116,8.097171416105617e-05,4.639892399015245e-09,DLS_0.116_8.097171416105617e-05_1.5009653311494664e-12
0.116,9.623506263980887e-07,3.3311600886855056e-10,DLS_0.116_9.623506263980887e-07_1.0626020786940053e-08
0.116,9.809947127268783e-06,1.0163178106112352e-07,DLS_0.116_9.809947127268783e-06_1.022595776043085e-10
0.117,0.0001,1.1538543924394417e-09,DLS_0.117_0.0001_8.31848082952572e-13
0.117,1.1885022274370166e-06,7.235375375087674e-10,DLS_0.117_1.1885022274370166e-06_5.889033435743019e-09
0.117,1.2115276586285876e-05,9.39398766736813e-08,DLS_0.117_1.2115276586285876e-05_5.667315015766573e-11
0.117,1.4677992676220675e-06,1.4532298273363653e-09,DLS_0.117_1.4677992676220675e-06_3.861096773094865e-09
0.117,1.4962356560944327e-05,9.584660444882066e-08,DLS_0.117_1.4962356560944327e-05_3.7157288981714755e-11
0.117,1.8127308811846967e-06,2.8131920256043986e-09,DLS_0.117_1.8127308811846967e-06_2.531496629093707e-09
0.117,1.8478497974222908e-05,8.86424112019692e-08,DLS_0.117_1.8478497974222908e-05_2.4361873667329736e-11
0.117,2.2387211385683376e-06,5.224683782473741e-09,DLS_0.117_2.2387211385683376e-06_1.6597551316943764e-09
0.117,2.2820929710674507e-05,7.390282205632396e-08,DLS_0.117_2.2820929710674507e-05_1.5972663906535222e-11
0.117,2.7648187540101058e-06,9.265053922119896e-09,DLS_0.117_2.7648187540101058e-06_1.0882049241250815e-09
0.117,2.818382931264455e-05,5.5285844600980616e-08,DLS_0.117_2.818382931264455e-05_1.0472346903812546e-11
0.117,3.414548873833601e-06,1.5614097852209564e-08,DLS_0.117_3.414548873833601e-06_7.134726889991191e-10
0.117,3.480700588428413e-05,3.6940398130800475e-08,DLS_0.117_3.480700588428413e-05_6.866108891762299e-12
0.117,4.216965034285822e-06,2.489516559601984e-08,DLS_0.117_4.216965034285822e-06_4.677825533246008e-10
0.117,4.2986623470822724e-05,2.1962415917188916e-08,DLS_0.117_4.2986623470822724e-05_4.501708332100277e-12
0.117,5.207948328595465e-06,3.738779878501191e-08,DLS_0.117_5.207948328595465e-06_3.066978183872054e-10
0.117,5.308844442309879e-05,1.1652394110764477e-08,DLS_0.117_5.308844442309879e-05_2.95150837639855e-12
0.117,6.30957344480193e-07,7.487834385544493e-11,DLS_0.117_6.30957344480193e-07_2.0895079126458232e-08
0.117,6.431811877215091e-06,5.263953737338231e-08,DLS_0.117_6.431811877215091e-06_2.0108392485984663e-10
0.117,6.556418494179785e-05,5.634703109446379e-09,DLS_0.117_6.556418494179785e-05_1.9351324104746004e-12
0.117,7.79231798434194e-07,1.634732566390719e-10,DLS_0.117_7.79231798434194e-07_1.3699688322206074e-08
0.117,7.943282347242822e-06,6.910004120736357e-08,DLS_0.117_7.943282347242822e-06_1.3183903638333568e-10
0.117,8.097171416105617e-05,2.5740643611711025e-09,DLS_0.117_8.097171416105617e-05_1.268753792472238e-12
0.117,9.623506263980887e-07,3.487454347307988e-10,DLS_0.117_9.623506263980887e-07_8.982088988021074e-09
0.117,9.809947127268783e-06,8.402219883447212e-08,DLS_0.117_9.809947127268783e-06_8.64391896398544e-11
0.118,0.0001,6.793630959732848e-10,DLS_0.118_0.0001_7.141238978210446e-13
0.118,1.1885022274370166e-06,7.416899100811137e-10,DLS_0.118_1.1885022274370166e-06_5.055610029903791e-09
0.118,1.2115276586285876e-05,7.534110494755555e-08,DLS_0.118_1.2115276586285876e-05_4.8652694791023636e-11
0.118,1.4677992676220675e-06,1.4702470062201948e-09,DLS_0.118_1.4677992676220675e-06_3.314669509942203e-09
0.118,1.4962356560944327e-05,7.414576335349939e-08,DLS_0.118_1.4962356560944327e-05_3.189874279195518e-11
0.118,1.8127308811846967e-06,2.804270653702249e-09,DLS_0.118_1.8127308811846967e-06_2.1732360477078906e-09
0.118,1.8478497974222908e-05,6.599387935855729e-08,DLS_0.118_1.8478497974222908e-05_2.091415071822591e-11
0.118,2.2387211385683376e-06,5.122438389922118e-09,DLS_0.118_2.2387211385683376e-06_1.4248645015410197e-09
0.118,2.2820929710674507e-05,5.2853058636726137e-08,DLS_0.118_2.2820929710674507e-05_1.371219245590398e-11
0.118,2.7648187540101058e-06,8.918336812767398e-09,DLS_0.118_2.7648187540101058e-06_9.342007969603803e-10
0.118,2.818382931264455e-05,3.791316720238015e-08,DLS_0.118_2.818382931264455e-05_8.990287221364139e-12
0.118,3.414548873833601e-06,1.4730723959159757e-08,DLS_0.118_3.414548873833601e-06_6.12501138246853e-10
0.118,3.480700588428413e-05,2.4248168635640828e-08,DLS_0.118_3.480700588428413e-05_5.894408540614002e-12
0.118,4.216965034285822e-06,2.2981183016449947e-08,DLS_0.118_4.216965034285822e-06_4.0158137905078374e-10
0.118,4.2986623470822724e-05,1.3794911384492921e-08,DLS_0.118_4.2986623470822724e-05_3.864620916793307e-12
0.118,5.207948328595465e-06,3.371226052727721e-08,DLS_0.118_5.207948328595465e-06_2.632935580526781e-10
0.118,5.308844442309879e-05,7.041127457274314e-09,DLS_0.118_5.308844442309879e-05_2.5338072051857682e-12
0.118,6.30957344480193e-07,7.90409222993296e-11,DLS_0.118_6.30957344480193e-07_1.7937981293534175e-08
0.118,6.431811877215091e-06,4.627184267115083e-08,DLS_0.118_6.431811877215091e-06_1.7262627534149775e-10
0.118,6.556418494179785e-05,3.3189081071506665e-09,DLS_0.118_6.556418494179785e-05_1.6612700420765965e-12
0.118,7.79231798434194e-07,1.7118359088123538e-10,DLS_0.118_7.79231798434194e-07_1.176089123011785e-08
0.118,7.943282347242822e-06,5.907626270006878e-08,DLS_0.118_7.943282347242822e-06_1.1318101042303674e-10
0.118,8.097171416105617e-05,1.4972178595028683e-09,DLS_0.118_8.097171416105617e-05_1.0891981627697828e-12
0.118,9.623506263980887e-07,3.616308439164836e-10,DLS_0.118_9.623506263980887e-07_7.710932476918152e-09
0.118,9.809947127268783e-06,6.967514876486282e-08,DLS_0.118_9.809947127268783e-06_7.420620699275534e-11
0.119,0.0001,4.2323079059599614e-10,DLS_0.119_0.0001_6.211031130081677e-13
0.119,1.1885022274370166e-06,7.546676666059104e-10,DLS_0.119_1.1885022274370166e-06_4.397073305219985e-09
0.119,1.2115276586285876e-05,6.073445302988049e-08,DLS_0.119_1.2115276586285876e-05_4.231526249596759e-11
0.119,1.4677992676220675e-06,1.4772403309255202e-09,DLS_0.119_1.4677992676220675e-06_2.882905273860855e-09
0.119,1.4962356560944327e-05,5.77766973864884e-08,DLS_0.119_1.4962356560944327e-05_2.7743656961463417e-11
0.119,1.8127308811846967e-06,2.7779383061237185e-09,DLS_0.119_1.8127308811846967e-06_1.890153345450975e-09
0.119,1.8478497974222908e-05,4.9614012841072794e-08,DLS_0.119_1.8478497974222908e-05_1.818990255983185e-11
0.119,2.2387211385683376e-06,4.994666494528629e-09,DLS_0.119_2.2387211385683376e-06_1.2392636350950566e-09
0.119,2.2820929710674507e-05,3.82725470391507e-08,DLS_0.119_2.2820929710674507e-05_1.1926061355060977e-11
0.119,2.7648187540101058e-06,8.545403110525459e-09,DLS_0.119_2.7648187540101058e-06_8.125131016301698e-10
0.119,2.818382931264455e-05,2.6399432879835174e-08,DLS_0.119_2.818382931264455e-05_7.81922492310446e-12
0.119,3.414548873833601e-06,1.3848914678621872e-08,DLS_0.119_3.414548873833601e-06_5.327175926291422e-10
0.119,3.480700588428413e-05,1.6212804218785028e-08,DLS_0.119_3.480700588428413e-05_5.126611089599361e-12
0.119,4.216965034285822e-06,2.1166186608608838e-08,DLS_0.119_4.216965034285822e-06_3.492719476488642e-10
0.119,4.2986623470822724e-05,8.865896839339487e-09,DLS_0.119_4.2986623470822724e-05_3.361220776031656e-12
0.119,5.207948328595465e-06,3.0368398403170675e-08,DLS_0.119_5.207948328595465e-06_2.2899730570632074e-10
0.119,5.308844442309879e-05,4.383915542203726e-09,DLS_0.119_5.308844442309879e-05_2.203757005899528e-12
0.119,6.30957344480193e-07,8.27574245977667e-11,DLS_0.119_6.30957344480193e-07_1.5601404821335792e-08
0.119,6.431811877215091e-06,4.06894399954276e-08,DLS_0.119_6.431811877215091e-06_1.5014021702502627e-10
0.119,6.556418494179785e-05,2.027879809539412e-09,DLS_0.119_6.556418494179785e-05_1.4448753190157937e-12
0.119,7.79231798434194e-07,1.7781420486479634e-10,DLS_0.119_7.79231798434194e-07_1.0228933910579166e-08
0.119,7.943282347242822e-06,5.0596134334911733e-08,DLS_0.119_7.943282347242822e-06_9.84382095623049e-11
0.119,8.097171416105617e-05,9.091778358914285e-10,DLS_0.119_8.097171416105617e-05_9.473207263379065e-13
0.119,9.623506263980887e-07,3.7206280413093535e-10,DLS_0.119_9.623506263980887e-07_6.7065171467064e-09
0.119,9.809947127268783e-06,5.796963308781889e-08,DLS_0.119_9.809947127268783e-06_6.454020977082414e-11
0.11,0.0001,3.971458756213415e-07,DLS_0.11_0.0001_5.05964535498858e-12
0.11,1.1885022274370166e-06,3.7766740958271167e-10,DLS_0.11_1.1885022274370166e-06_3.581954599542962e-08
0.11,1.2115276586285876e-05,4.795883240496901e-07,DLS_0.11_1.2115276586285876e-05_3.4470962525996775e-10
0.11,1.4677992676220675e-06,8.43921679158562e-10,DLS_0.11_1.4677992676220675e-06_2.348479338175582e-08
0.11,1.4962356560944327e-05,6.903919281398224e-07,DLS_0.11_1.4962356560944327e-05_2.260060562176236e-10
0.11,1.8127308811846967e-06,1.8544076260088492e-09,DLS_0.11_1.8127308811846967e-06_1.539761336601349e-08
0.11,1.8478497974222908e-05,9.288269314699949e-07,DLS_0.11_1.8478497974222908e-05_1.4817902867818637e-10
0.11,2.2387211385683376e-06,3.987611299463337e-09,DLS_0.11_2.2387211385683376e-06_1.0095319703916071e-08
0.11,2.2820929710674507e-05,1.1607252707215473e-06,DLS_0.11_2.2820929710674507e-05_9.715237240752579e-11
0.11,2.7648187540101058e-06,8.350069900512818e-09,DLS_0.11_2.7648187540101058e-06_6.6189140811412915e-09
0.11,2.818382931264455e-05,1.3378312889805223e-06,DLS_0.11_2.818382931264455e-05_6.369716112061438e-11
0.11,3.414548873833601e-06,1.694823292499462e-08,DLS_0.11_3.414548873833601e-06_4.3396370692981746e-09
0.11,3.480700588428413e-05,1.411507477965758e-06,DLS_0.11_3.480700588428413e-05_4.176252451979458e-11
0.11,4.216965034285822e-06,3.3198177667981965e-08,DLS_0.11_4.216965034285822e-06_2.845247673917473e-09
0.11,4.2986623470822724e-05,1.353668191129802e-06,DLS_0.11_4.2986623470822724e-05_2.7381258812521895e-11
0.11,5.207948328595465e-06,6.24804003724036e-08,DLS_0.11_5.207948328595465e-06_1.8654634469794534e-09
0.11,5.308844442309879e-05,1.1731396750605883e-06,DLS_0.11_5.308844442309879e-05_1.7952299167234183e-11
0.11,6.30957344480193e-07,3.183352516588249e-11,DLS_0.11_6.30957344480193e-07_1.27092545154463e-07
0.11,6.431811877215091e-06,1.1246461873515301e-07,DLS_0.11_6.431811877215091e-06_1.2230759043992455e-09
0.11,6.556418494179785e-05,9.144284565836661e-07,DLS_0.11_6.556418494179785e-05_1.1770278627310256e-11
0.11,7.79231798434194e-07,7.312118380353953e-11,DLS_0.11_7.79231798434194e-07_8.332719135231006e-08
0.11,7.943282347242822e-06,1.9271360142217805e-07,DLS_0.11_7.943282347242822e-06_8.018997479388881e-10
0.11,8.097171416105617e-05,6.382448644798211e-07,DLS_0.11_8.097171416105617e-05_7.717087247374602e-12
0.11,9.623506263980887e-07,1.6692060960409436e-10,DLS_0.11_9.623506263980887e-07_5.4632793845034354e-08
0.11,9.809947127268783e-06,3.1295991170661936e-07,DLS_0.11_9.809947127268783e-06_5.257590337864635e-10
0.121,1.1885022274370166e-06,7.679080183491209e-10,DLS_0.121_1.1885022274370166e-06_3.433779173977733e-09
0.121,1.2115276586285876e-05,4.007166259512555e-08,DLS_0.121_1.2115276586285876e-05_3.304499538990176e-11
0.121,1.4677992676220675e-06,1.4678408354952689e-09,DLS_0.121_1.4677992676220675e-06_2.251329328119699e-09
0.121,1.4962356560944327e-05,3.582127114143209e-08,DLS_0.121_1.4962356560944327e-05_2.1665681891443763e-11
0.121,1.8127308811846967e-06,2.6876225294121308e-09,DLS_0.121_1.8127308811846967e-06_1.4760657243373346e-09
0.121,1.8478497974222908e-05,2.8815015165375293e-08,DLS_0.121_1.8478497974222908e-05_1.4204927744207797e-11
0.121,2.2387211385683376e-06,4.6912632964998365e-09,DLS_0.121_2.2387211385683376e-06_9.677704613670182e-10
0.121,2.2820929710674507e-05,2.0760808765271724e-08,DLS_0.121_2.2820929710674507e-05_9.313345097061155e-12
0.121,2.7648187540101058e-06,7.769881450968068e-09,DLS_0.121_2.7648187540101058e-06_6.345108151027621e-10
0.121,2.818382931264455e-05,1.3335525080668511e-08,DLS_0.121_2.818382931264455e-05_6.106218803705038e-12
0.121,3.414548873833601e-06,1.2156497126676602e-08,DLS_0.121_3.414548873833601e-06_4.1601184428968387e-10
0.121,3.480700588428413e-05,7.61802691011972e-09,DLS_0.121_3.480700588428413e-05_4.003492589412008e-12
0.121,4.216965034285822e-06,1.788680824370431e-08,DLS_0.121_4.216965034285822e-06_2.727547749698725e-10
0.121,4.2986623470822724e-05,3.902127280126952e-09,DLS_0.121_4.2986623470822724e-05_2.6248572854532703e-12
0.121,5.207948328595465e-06,2.4629051162754858e-08,DLS_0.121_5.207948328595465e-06_1.7882944509883177e-10
0.121,5.308844442309879e-05,1.8438961001691334e-09,DLS_0.121_5.308844442309879e-05_1.7209662850928373e-12
0.121,6.30957344480193e-07,8.896147866548828e-11,DLS_0.121_6.30957344480193e-07_1.2183508265987035e-08
0.121,6.431811877215091e-06,3.1552037307667895e-08,DLS_0.121_6.431811877215091e-06_1.172480681149889e-10
0.121,6.556418494179785e-05,8.330468575257628e-10,DLS_0.121_6.556418494179785e-05_1.1283375179442562e-12
0.121,7.79231798434194e-07,1.8819846714511548e-10,DLS_0.121_7.79231798434194e-07_7.98801789191097e-09
0.121,7.943282347242822e-06,3.73500384478725e-08,DLS_0.121_7.943282347242822e-06_7.687274021959645e-11
0.121,9.623506263980887e-07,3.866358912129015e-10,DLS_0.121_9.623506263980887e-07_5.23727882383641e-09
0.121,9.809947127268783e-06,4.054739761599345e-08,DLS_0.121_9.809947127268783e-06_5.0400985567404045e-11
0.122,1.1885022274370166e-06,7.693645656515449e-10,DLS_0.122_1.1885022274370166e-06_3.0746346252487803e-09
0.122,1.2115276586285876e-05,3.279071627232107e-08,DLS_0.122_1.2115276586285876e-05_2.958876557553411e-11
0.122,1.4677992676220675e-06,1.454168973854771e-09,DLS_0.122_1.4677992676220675e-06_2.015859131982664e-09
0.122,1.4962356560944327e-05,2.8485659348866313e-08,DLS_0.122_1.4962356560944327e-05_1.9399632983938195e-11
0.122,1.8127308811846967e-06,2.629308820475351e-09,DLS_0.122_1.8127308811846967e-06_1.3216816094592347e-09
0.122,1.8478497974222908e-05,2.2237820267489887e-08,DLS_0.122_1.8478497974222908e-05_1.2719211247619256e-11
0.122,2.2387211385683376e-06,4.526146446393148e-09,DLS_0.122_2.2387211385683376e-06_8.66549774767583e-10
0.122,2.2820929710674507e-05,1.5528018483117078e-08,DLS_0.122_2.2820929710674507e-05_8.339247185527044e-12
0.122,2.7648187540101058e-06,7.383678345894081e-09,DLS_0.122_2.7648187540101058e-06_5.681462969413508e-10
0.122,2.818382931264455e-05,9.655344020324132e-09,DLS_0.122_2.818382931264455e-05_5.467559447472624e-12
0.122,3.414548873833601e-06,1.1364584868603552e-08,DLS_0.122_3.414548873833601e-06_3.7250048886660314e-10
0.122,3.480700588428413e-05,5.342631665100671e-09,DLS_0.122_3.480700588428413e-05_3.584760787943692e-12
0.122,4.216965034285822e-06,1.6428472557641168e-08,DLS_0.122_4.216965034285822e-06_2.4422690942960084e-10
0.122,4.2986623470822724e-05,2.6664013117723052e-09,DLS_0.122_4.2986623470822724e-05_2.350319192728461e-12
0.122,5.207948328595465e-06,2.219083857512718e-08,DLS_0.122_5.207948328595465e-06_1.6012538257606063e-10
0.122,5.308844442309879e-05,1.2403975544296705e-09,DLS_0.122_5.308844442309879e-05_1.540967622243059e-12
0.122,6.30957344480193e-07,9.150490493966943e-11,DLS_0.122_6.30957344480193e-07_1.0909215320394215e-08
0.122,6.431811877215091e-06,2.7837592623871748e-08,DLS_0.122_6.431811877215091e-06_1.0498490197092974e-10
0.122,6.556418494179785e-05,5.571477568683244e-10,DLS_0.122_6.556418494179785e-05_1.010322861740664e-12
0.122,7.79231798434194e-07,1.9212510743975365e-10,DLS_0.122_7.79231798434194e-07_7.1525381083622075e-09
0.122,7.943282347242822e-06,3.220194534398321e-08,DLS_0.122_7.943282347242822e-06_6.883249528918557e-11
0.122,9.623506263980887e-07,3.91256164188935e-10,DLS_0.122_9.623506263980887e-07_4.689503313399168e-09
0.122,9.809947127268783e-06,3.4090057662126334e-08,DLS_0.122_9.809947127268783e-06_4.512946451145592e-11
0.123,1.1885022274370166e-06,7.680495536508603e-10,DLS_0.123_1.1885022274370166e-06_2.77336860419135e-09
0.123,1.2115276586285876e-05,2.69604687363208e-08,DLS_0.123_1.2115276586285876e-05_2.6689530134763332e-11
0.123,1.4677992676220675e-06,1.4359851402788407e-09,DLS_0.123_1.4677992676220675e-06_1.8183365207697744e-09
0.123,1.4962356560944327e-05,2.279314863018242e-08,DLS_0.123_1.4962356560944327e-05_1.74987728976531e-11
0.123,1.8127308811846967e-06,2.5651463851576097e-09,DLS_0.123_1.8127308811846967e-06_1.1921775193417477e-09
0.123,1.8478497974222908e-05,1.7295306782604824e-08,DLS_0.123_1.8478497974222908e-05_1.147292782516248e-11
0.123,2.2387211385683376e-06,4.357157801920934e-09,DLS_0.123_2.2387211385683376e-06_7.816414736157612e-10
0.123,2.2820929710674507e-05,1.1723392541579204e-08,DLS_0.123_2.2820929710674507e-05_7.522131617528514e-12
0.123,2.7648187540101058e-06,7.005602557138693e-09,DLS_0.123_2.7648187540101058e-06_5.124768613432318e-10
0.123,2.818382931264455e-05,7.070017305303405e-09,DLS_0.123_2.818382931264455e-05_4.931824285281845e-12
0.123,3.414548873833601e-06,1.0615029211089508e-08,DLS_0.123_3.414548873833601e-06_3.3600127715499727e-10
0.123,3.480700588428413e-05,3.800274638671431e-09,DLS_0.123_3.480700588428413e-05_3.233510395406689e-12
0.123,4.216965034285822e-06,1.5087251220377716e-08,DLS_0.123_4.216965034285822e-06_2.2029649876070526e-10
0.123,4.2986623470822724e-05,1.8556318324918345e-09,DLS_0.123_4.2986623470822724e-05_2.120024735756709e-12
0.123,5.207948328595465e-06,2.000720475769835e-08,DLS_0.123_5.207948328595465e-06_1.4443560386777424e-10
0.123,5.308844442309879e-05,8.526996196515244e-10,DLS_0.123_5.308844442309879e-05_1.38997693856339e-12
0.123,6.30957344480193e-07,9.371259160902064e-11,DLS_0.123_6.30957344480193e-07_9.840283140471213e-09
0.123,6.431811877215091e-06,2.4596804326719582e-08,DLS_0.123_6.431811877215091e-06_9.469802644167e-11
0.123,6.556418494179785e-05,3.825013990907037e-10,DLS_0.123_6.556418494179785e-05_9.113270506480411e-13
0.123,7.79231798434194e-07,1.9531519183468526e-10,DLS_0.123_7.79231798434194e-07_6.451701437015099e-09
0.123,7.943282347242822e-06,2.7829998091078774e-08,DLS_0.123_7.943282347242822e-06_6.208798919244915e-11
0.123,9.623506263980887e-07,3.9438017254280916e-10,DLS_0.123_9.623506263980887e-07_4.230005462057209e-09
0.123,9.809947127268783e-06,2.876075435171842e-08,DLS_0.123_9.809947127268783e-06_4.070748406078084e-11
0.124,1.1885022274370166e-06,7.643848203166526e-10,DLS_0.124_1.1885022274370166e-06_2.517962308792046e-09
0.124,1.2115276586285876e-05,2.2268928611564984e-08,DLS_0.124_1.2115276586285876e-05_2.4231626051127987e-11
0.124,1.4677992676220675e-06,1.4141786438231125e-09,DLS_0.124_1.4677992676220675e-06_1.6508814649011802e-09
0.124,1.4962356560944327e-05,1.8346302277802042e-08,DLS_0.124_1.4962356560944327e-05_1.5887268118566417e-11
0.124,1.8127308811846967e-06,2.496818045556399e-09,DLS_0.124_1.8127308811846967e-06_1.0823869768176716e-09
0.124,1.8478497974222908e-05,1.3549735864564503e-08,DLS_0.124_1.8478497974222908e-05_1.0416357851456175e-11
0.124,2.2387211385683376e-06,4.187008489478872e-09,DLS_0.124_2.2387211385683376e-06_7.096581992666729e-10
0.124,2.2820929710674507e-05,8.928861220265763e-09,DLS_0.124_2.2820929710674507e-05_6.829400125928209e-12
0.124,2.7648187540101058e-06,6.638949860581606e-09,DLS_0.124_2.7648187540101058e-06_4.6528161422183364e-10
0.124,2.818382931264455e-05,5.2321518495963025e-09,DLS_0.124_2.818382931264455e-05_4.477640528978946e-12
0.124,3.414548873833601e-06,9.909433510614883e-09,DLS_0.124_3.414548873833601e-06_3.0505809804858534e-10
0.124,3.480700588428413e-05,2.7399083780368127e-09,DLS_0.124_3.480700588428413e-05_2.935728517448652e-12
0.124,4.216965034285822e-06,1.3857215209176888e-08,DLS_0.124_4.216965034285822e-06_2.0000885558450558e-10
0.124,4.2986623470822724e-05,1.3137856511238607e-09,DLS_0.124_4.2986623470822724e-05_1.924786474569142e-12
0.124,5.207948328595465e-06,1.8053263054703013e-08,DLS_0.124_5.207948328595465e-06_1.311341759753986e-10
0.124,5.308844442309879e-05,5.979744761782003e-10,DLS_0.124_5.308844442309879e-05_1.2619705639212232e-12
0.124,6.30957344480193e-07,9.561089154247487e-11,DLS_0.124_6.30957344480193e-07_8.934067407449025e-09
0.124,6.431811877215091e-06,2.1767375493832165e-08,DLS_0.124_6.431811877215091e-06_8.597705365841299e-11
0.124,6.556418494179785e-05,2.6926881292851665e-10,DLS_0.124_6.556418494179785e-05_8.2740071444036e-13
0.124,7.79231798434194e-07,1.9784190372724487e-10,DLS_0.124_7.79231798434194e-07_5.857548477844763e-09
0.124,7.943282347242822e-06,2.4109704035372305e-08,DLS_0.124_7.943282347242822e-06_5.6370154468110666e-11
0.124,9.623506263980887e-07,3.96191597336562e-10,DLS_0.124_9.623506263980887e-07_3.8404539170696056e-09
0.124,9.809947127268783e-06,2.4347574457142868e-08,DLS_0.124_9.809947127268783e-06_3.695863232744921e-11
0.125,1.1885022274370166e-06,7.587365474714094e-10,DLS_0.125_1.1885022274370166e-06_2.299384111172056e-09
0.125,1.2115276586285876e-05,1.8475472337991666e-08,DLS_0.125_1.2115276586285876e-05_2.2128137397162363e-11
0.125,1.4677992676220675e-06,1.3894989979851341e-09,DLS_0.125_1.4677992676220675e-06_1.5075724511711616e-09
0.125,1.4962356560944327e-05,1.4850297952939496e-08,DLS_0.125_1.4962356560944327e-05_1.4508132927250664e-11
0.125,1.8127308811846967e-06,2.4256855534721075e-09,DLS_0.125_1.8127308811846967e-06_9.884275900174555e-10
0.125,1.8478497974222908e-05,1.0688511820408796e-08,DLS_0.125_1.8478497974222908e-05_9.512139104024496e-12
0.125,2.2387211385683376e-06,4.017754765624071e-09,DLS_0.125_2.2387211385683376e-06_6.480544931348001e-10
0.125,2.2820929710674507e-05,6.856661568462964e-09,DLS_0.125_2.2820929710674507e-05_6.236556474083694e-12
0.125,2.7648187540101058e-06,6.285888926406653e-09,DLS_0.125_2.7648187540101058e-06_4.2489164640253095e-10
0.125,2.818382931264455e-05,3.911137532664019e-09,DLS_0.125_2.818382931264455e-05_4.0889474206679004e-12
0.125,3.414548873833601e-06,9.247898102274171e-09,DLS_0.125_3.414548873833601e-06_2.7857674484960503e-10
0.125,3.480700588428413e-05,2.0010565447780215e-09,DLS_0.125_3.480700588428413e-05_2.6808850490595755e-12
0.125,4.216965034285822e-06,1.2731301664452545e-08,DLS_0.125_4.216965034285822e-06_1.8264657219803546e-10
0.125,4.2986623470822724e-05,9.452289131560042e-10,DLS_0.125_4.2986623470822724e-05_1.7577004316424347e-12
0.125,5.207948328595465e-06,1.630538075303022e-08,DLS_0.125_5.207948328595465e-06_1.197507363857743e-10
0.125,5.308844442309879e-05,4.2717804540114025e-10,DLS_0.125_5.308844442309879e-05_1.1524219617248253e-12
0.125,6.30957344480193e-07,9.72248829247823e-11,DLS_0.125_6.30957344480193e-07_8.158522696347879e-09
0.125,6.431811877215091e-06,1.9294636255978513e-08,DLS_0.125_6.431811877215091e-06_7.851359427313386e-11
0.125,6.556418494179785e-05,1.9416622228994766e-10,DLS_0.125_6.556418494179785e-05_7.555760662951593e-13
0.125,7.79231798434194e-07,1.9977248480259552e-10,DLS_0.125_7.79231798434194e-07_5.349068909152075e-09
0.125,7.943282347242822e-06,2.0937054235099273e-08,DLS_0.125_7.943282347242822e-06_5.147679815369029e-11
0.125,9.623506263980887e-07,3.9685416994384725e-10,DLS_0.125_9.623506263980887e-07_3.507073432260676e-09
0.125,9.809947127268783e-06,2.068056333943459e-08,DLS_0.125_9.809947127268783e-06_3.375034314360149e-11
0.12,0.0001,2.770574066835455e-10,DLS_0.12_0.0001_5.462404635906576e-13
0.12,1.1885022274370166e-06,7.631947005548903e-10,DLS_0.12_1.1885022274370166e-06_3.867086334590444e-09
0.12,1.2115276586285876e-05,4.920942904923469e-08,DLS_0.12_1.2115276586285876e-05_3.721492956428596e-11
0.12,1.4677992676220675e-06,1.4759469950561559e-09,DLS_0.12_1.4677992676220675e-06_2.535423636269871e-09
0.12,1.4962356560944327e-05,4.533935497600525e-08,DLS_0.12_1.4962356560944327e-05_2.4399665245488253e-11
0.12,1.8127308811846967e-06,2.7380146717264683e-09,DLS_0.12_1.8127308811846967e-06_1.6623298419420345e-09
0.12,1.8478497974222908e-05,3.7645818341146245e-08,DLS_0.12_1.8478497974222908e-05_1.5997441646731494e-11
0.12,2.2387211385683376e-06,4.8489673862216216e-09,DLS_0.12_2.2387211385683376e-06_1.0898930119135715e-09
0.12,2.2820929710674507e-05,2.803676353449828e-08,DLS_0.12_2.2820929710674507e-05_1.048859222721923e-11
0.12,2.7648187540101058e-06,8.159402283243602e-09,DLS_0.12_2.7648187540101058e-06_7.145794699987448e-10
0.12,2.818382931264455e-05,1.8641751466660913e-08,DLS_0.12_2.818382931264455e-05_6.876760005645049e-12
0.12,3.414548873833601e-06,1.298695076694902e-08,DLS_0.12_3.414548873833601e-06_4.685082052660958e-10
0.12,3.480700588428413e-05,1.1025780505664912e-08,DLS_0.12_3.480700588428413e-05_4.508691648104709e-12
0.12,4.216965034285822e-06,1.9466031508549374e-08,DLS_0.12_4.216965034285822e-06_3.0717358616816104e-10
0.12,4.2986623470822724e-05,5.8221088237883925e-09,DLS_0.12_4.2986623470822724e-05_2.9560869306187766e-12
0.12,5.207948328595465e-06,2.7347013454217647e-08,DLS_0.12_5.207948328595465e-06_2.013958581276459e-10
0.12,5.308844442309879e-05,2.8066957718170253e-09,DLS_0.12_5.308844442309879e-05_1.9381343022312107e-12
0.12,6.30957344480193e-07,8.605496413043267e-11,DLS_0.12_6.30957344480193e-07_1.372094008834877e-08
0.12,6.431811877215091e-06,3.5810234464535e-08,DLS_0.12_6.431811877215091e-06_1.3204355288793057e-10
0.12,6.556418494179785e-05,1.2804856751145354e-09,DLS_0.12_6.556418494179785e-05_1.2707219583352942e-12
0.12,7.79231798434194e-07,1.8345627706368887e-10,DLS_0.12_7.79231798434194e-07_8.99602253527827e-09
0.12,7.943282347242822e-06,4.342277376437253e-08,DLS_0.12_7.943282347242822e-06_8.657327921916345e-11
0.12,8.097171416105617e-05,5.748886734133924e-10,DLS_0.12_8.097171416105617e-05_8.331384948589877e-13
0.12,9.623506263980887e-07,3.8031411259528564e-10,DLS_0.12_9.623506263980887e-07_5.898168852435655e-09
0.12,9.809947127268783e-06,4.8397260207019647e-08,DLS_0.12_9.809947127268783e-06_5.676106489743139e-11
