52100002,5
52100002,10
52100002,23
52100002,24
52100002,27
52100002,31
52100002,32
52100002,36
52100002,48
52100002,54
52100002,67
52100002,72
52100002,75
52100002,91
52100002,118
52100002,125
52100002,127
52100002,137
52100002,142
52100002,144
52100002,153
52100002,162
52100002,170
52100002,179
52100002,197
52100002,224
52100002,226
52100002,245
52100002,276
52100002,284
52100002,302
52100002,310
52100002,328
52100002,334
52100002,344
52100002,348
52100002,370
52100002,377
52100002,391
52100002,420
52100002,422
52100002,438
52100002,442
52100002,448
52100002,452
52100002,485
52100002,514
52100002,518
52100002,521
52100002,523
52100002,544
52100002,548
52100002,564
52100002,572
52100002,604
52100002,625
52100002,642
52100002,647
52100002,652
52100002,691
52100002,705
52100002,710
52100002,714
52100002,721
52100002,736
52100002,738
52100002,757
52100002,789
52100002,798
52100002,806
52100002,807
52100002,810
52100002,834
52100002,844
52100002,847
52100002,849
52100002,853
52100002,859
52100002,887
52100002,940
52100002,952
52100002,963
52100002,969
52100002,972
52100002,989
52100002,1012
52100002,1021
52100002,1033
52100002,1049
52100002,1076
52100002,1082
52100002,1089
52100002,1097
52100002,1118
52100002,1123
52100002,1135
52100002,1140
52100002,1144
52100002,1152
52100002,1176
52100002,1177
52100002,1184
52100002,1205
52100002,1238
52100002,1240
52100002,1242
52100002,1260
52100002,1270
52100002,1280
52100002,1288
52100002,1296
52100002,1300
52100002,1309
52100002,1310
52100002,1318
52100002,1337
52100002,1345
52100002,1348
52100002,1365
52100002,1367
52100002,1374
52100002,1383
52100002,1388
52100002,1407
52100002,1422
52100002,1437
52100002,1440
52100002,1443
52100002,1446
52100002,1457
52100002,1468
52100002,1485
52100002,1489
52100002,1504
52100002,1508
52100002,1511
52100002,1514
52100002,1519
52100002,1520
52100002,1526
52100002,1536
52100002,1548
52100002,1552
52100002,1553
52100002,1554
52100002,1557
52100002,1560
52100002,1572
52100002,1573
52100002,1606
52100002,1618
52100002,1620
52100002,1662
52100002,1663
52100002,1668
52100002,1689
52100002,1690
52100002,1691
52100002,1699
52100002,1704
52100002,1727
52100002,1730
52100002,1742
52100002,1748
52100002,1749
52100002,1750
52100002,1766
52100002,1792
52100002,1797
52100002,1811
52100002,1840
52100002,1848
52100002,1856
52100002,1868
52100002,1871
52100002,1913
52100002,1915
52100002,1918
52100002,1931
52100002,1941
52100002,1946
52100002,1951
52100002,1971
52100002,1973
52100002,1982
52100002,1984
52100002,1987
52100002,2009
52100002,2014
52100002,2019
52100002,2021
52100002,2033
52100002,2034
52100002,2039
52100002,2068
52100002,2070
52100002,2084
52100002,2110
52100002,2113
52100002,2122
52100002,2143
52100002,2163
52100002,2165
52100002,2173
52100002,2185
52100002,2190
52100002,2191
52100002,2208
52100002,2210
52100002,2212
52100002,2222
52100002,2237
52100002,2246
52100002,2251
52100002,2273
52100002,2280
52100002,2284
52100002,2300
52100002,2311
52100002,2325
52100002,2333
52100002,2355
52100002,2366
52100002,2413
52100002,2414
52100002,2415
52100002,2417
52100002,2428
52100002,2434
52100002,2463
52100002,2470
52100002,2476
52100002,2480
52100002,2481
52100002,2484
52100002,2487
52100002,2493
52100002,2527
52100002,2546
52100002,2549
52100002,2560
52100002,2585
52100002,2599
52100002,2609
52100002,2614
52100002,2616
52100002,2621
52100002,2627
52100002,2636
52100002,2687
52100002,2688
52100002,2692
52100002,2695
52100002,2724
52100002,2733
52100002,2741
52100002,2742
52100002,2743
52100002,2749
52100002,2764
52100002,2772
52100002,2793
52100002,2802
52100002,2827
52100002,2830
52100002,2834
52100002,2849
52100002,2853
52100002,2871
52100002,2887
52100002,2909
52100002,2942
52100002,2945
52100002,2956
52100002,2960
52100002,2961
52100002,2969
52100002,2971
52100002,2974
52100002,2987
52100002,3004
52100002,3013
52100002,3016
52100002,3023
52100002,3025
52100002,3027
52100002,3062
52100002,3074
52100002,3079
52100002,3080
52100002,3087
52100002,3092
52100002,3100
52100002,3120
52100002,3138
52100002,3148
52100002,3164
52100002,3196
52100002,3198
52100002,3205
52100002,3209
52100002,3211
52100002,3213
52100002,3220
52100002,3230
52100002,3242
52100002,3282
52100002,3308
52100002,3314
52100002,3319
52100002,3323
52100002,3327
52100002,3355
52100002,3372
52100002,3377
52100002,3415
52100002,3453
52100002,3459
52100002,3460
52100002,3471
52100002,3473
52100002,3474
52100002,3487
52100002,3491
52100002,3510
52100002,3514
52100002,3518
52100002,3525
52100002,3538
52100002,3548
52100002,3580
52100002,3584
52100002,3589
52100002,3598
52100002,3630
52100002,3631
52100002,3637
52100002,3662
52100002,3668
52100002,3676
52100002,3689
52100002,3697
52100002,3713
52100002,3727
52100002,3729
52100002,3739
52100002,3772
52100002,3798
52100002,3816
52100002,3818
52100002,3833
52100002,3876
52100002,3882
52100002,3900
52100002,3905
52100002,3908
52100002,3912
52100002,3950
52100002,3970
52100002,3977
52100002,3993
52100002,4007
52100002,4015
52100002,4020
52100002,4025
52100002,4036
52100002,4066
52100002,4093
52100002,4098
52100002,4105
52100002,4119
52100002,4137
52100002,4142
52100002,4150
52100002,4156
52100002,4186
52100002,4188
52100002,4192
52100002,4195
52100002,4212
52100002,4213
52100002,4227
52100002,4236
52100002,4241
52100002,4251
52100002,4266
52100002,4267
52100002,4273
52100002,4282
52100002,4296
52100002,4312
52100002,4319
52100002,4331
52100002,4342
52100002,4346
52100002,4348
52100002,4359
52100002,4360
52100002,4378
52100002,4410
52100002,4413
52100002,4414
52100002,4419
52100002,4430
52100002,4439
52100002,4452
52100002,4483
52100002,4486
52100002,4493
52100002,4499
52100002,4506
52100002,4511
52100002,4522
52100002,4526
52100002,4528
52100002,4580
52100002,4595
52100002,4601
52100002,4605
52100002,4606
52100002,4608
52100002,4616
52100002,4624
52100002,4634
52100002,4638
52100002,4639
52100002,4652
52100002,4653
52100002,4672
52100002,4696
52100002,4700
52100002,4706
52100002,4710
52100002,4752
52100002,4762
52100002,4763
52100002,4777
52100002,4789
52100002,4799
52100002,4807
52100002,4840
52100002,4879
52100002,4882
52100002,4903
52100002,4914
52100002,4917
52100002,4918
52100002,4925
52100002,4927
52100002,4932
52100002,4944
52100002,4947
52100002,4948
52100002,4953
52100002,4973
52100002,4992
52100002,4996
52100002,5012
52100002,5025
52100002,5038
52100002,5039
52100002,5043
52100002,5044
52100002,5047
52100002,5049
52100002,5051
52100002,5061
52100002,5063
52100002,5064
52100002,5069
52100002,5073
52100002,5082
52100002,5084
52100002,5094
52100002,5104
52100002,5113
52100002,5125
52100002,5130
52100002,5144
52100002,5164
52100002,5172
52100002,5181
52100002,5182
52100002,5185
52100002,5188
52100002,5203
52100002,5246
52100002,5263
52100002,5267
52100002,5273
52100002,5275
52100002,5280
52100002,5282
52100002,5291
52100002,5295
52100002,5315
52100002,5322
52100002,5324
52100002,5339
52100002,5342
52100002,5348
52100002,5351
52100002,5356
52100002,5359
52100002,5381
52100002,5385
52100002,5389
52100002,5400
52100002,5403
52100002,5405
52100002,5430
52100002,5434
52100002,5443
52100002,5458
52100002,5461
52100002,5464
52100002,5469
52100002,5499
52100002,5507
52100002,5525
52100002,5534
52100002,5559
52100002,5569
52100002,5586
52100002,5589
52100002,5600
52100002,5609
52100002,5611
52100002,5618
52100002,5622
52100002,5634
52100002,5651
52100002,5657
52100002,5673
52100002,5681
52100002,5699
52100002,5709
52100002,5720
52100002,5750
52100002,5756
52100002,5764
52100002,5768
52100002,5773
52100002,5777
52100002,5789
52100002,5796
52100002,5803
52100002,5807
52100002,5832
52100002,5835
52100002,5844
52100002,5860
52100002,5874
52100002,5899
52100002,5923
52100002,5953
52100002,5956
52100002,5961
52100002,5963
52100002,5964
52100002,5979
52100002,5989
52100002,5992
52100002,5996
52100002,6005
52100002,6012
52100002,6018
52100002,6027
52100002,6038
52100002,6040
52100002,6048
52100002,6056
52100002,6066
52100002,6089
52100002,6092
52100002,6108
52100002,6109
52100002,6118
52100002,6126
52100002,6128
52100002,6133
52100002,6201
52100002,6215
52100002,6245
52100002,6247
52100002,6248
52100002,6264
52100002,6267
52100002,6279
52100002,6298
52100002,6300
52100002,6334
52100002,6344
52100002,6358
52100002,6363
52100002,6384
52100002,6398
52100002,6414
52100002,6418
52100002,6439
52100002,6442
52100002,6450
52100002,6488
52100002,6489
52100002,6493
52100002,6497
52100002,6503
52100002,6515
52100002,6519
52100002,6525
52100002,6533
52100002,6536
52100002,6545
52100002,6554
52100002,6556
52100002,6557
52100002,6564
52100002,6590
52100002,6596
52100002,6599
52100002,6609
52100002,6613
52100002,6620
52100002,6623
52100002,6624
52100002,6627
52100002,6630
52100002,6640
52100002,6641
52100002,6648
52100002,6657
52100002,6659
52100002,6660
52100002,6666
52100002,6676
52100002,6681
52100002,6684
52100002,6686
52100002,6687
52100002,6692
52100002,6696
52100002,6698
52100002,6699
52100002,6715
52100002,6716
52100002,6717
52100002,6730
52100002,6740
52100002,6748
52100002,6752
52100002,6763
52100002,6767
52100002,6769
52100002,6773
52100002,6775
52100002,6777
52100002,6779
52100002,6782
52100002,6786
52100002,6792
52100002,6801
52100002,6823
52100002,6827
52100002,6834
52100002,6839
52100002,6882
52100002,6885
52100002,6886
52100002,6892
52100002,6902
52100002,6919
52100002,6921
52100002,6932
52100002,6933
52100002,6941
52100002,6960
52100002,6972
52100002,6986
52100002,6989
52100002,7022
52100002,7033
52100002,7039
52100002,7045
52100002,7048
52100002,7050
52100002,7056
52100002,7059
52100002,7077
52100002,7080
52100002,7085
52100002,7088
52100002,7095
52100002,7096
52100002,7098
52100002,7103
52100002,7111
52100002,7119
52100002,7132
52100002,7138
52100002,7139
52100002,7144
52100002,7149
52100002,7152
52100002,7155
52100002,7167
52100002,7176
52100002,7218
52100002,7223
52100002,7224
52100002,7227
52100002,7240
52100002,7243
52100002,7253
52100002,7256
52100002,7262
52100002,7264
52100002,7286
52100002,7299
52100002,7329
52100002,7339
52100002,7341
52100002,7342
52100002,7343
52100002,7366
52100002,7373
52100002,7377
52100002,7388
52100002,7389
52100002,7401
52100002,7416
52100002,7427
52100002,7437
52100002,7448
52100002,7451
52100002,7466
52100002,7487
52100002,7488
52100002,7496
52100002,7513
52100002,7519
52100002,7557
52100002,7597
52100002,7615
52100002,7622
52100002,7639
52100002,7655
52100002,7667
52100002,7683
52100002,7701
52100002,7712
52100002,7723
52100002,7732
52100002,7733
52100002,7745
52100002,7772
52100002,7782
52100002,7799
52100002,7806
52100002,7810
52100002,7812
52100002,7814
52100002,7822
52100002,7828
52100002,7840
52100002,7870
52100002,7885
52100002,7896
52100002,7903
52100002,7915
52100002,7920
52100002,7937
52100002,7945
52100002,7950
52100002,7959
52100002,7965
52100002,7967
52100002,7971
52100002,7977
52100002,7982
52100002,8001
52100002,8008
52100002,8016
52100002,8021
52100002,8034
52100002,8052
52100002,8055
52100002,8067
52100002,8072
52100002,8083
52100002,8110
52100002,8115
52100002,8117
52100002,8147
52100002,8172
52100002,8174
52100002,8193
52100002,8199
52100002,8204
52100002,8209
52100002,8213
52100002,8221
52100002,8225
52100002,8228
52100002,8234
52100002,8236
52100002,8242
52100002,8252
52100002,8272
52100002,8306
52100002,8318
52100002,8343
52100002,8352
52100002,8353
52100002,8375
52100002,8386
52100002,8387
52100002,8411
52100002,8416
52100002,8422
52100002,8424
52100002,8457
52100002,8458
52100002,8485
52100002,8486
52100002,8488
52100002,8493
52100002,8497
52100002,8502
52100002,8505
52100002,8510
52100002,8513
52100002,8529
52100002,8541
52100002,8543
52100002,8565
52100002,8571
52100002,8584
52100002,8605
52100002,8607
52100002,8648
52100002,8649
52100002,8654
52100002,8665
52100002,8667
52100002,8670
52100002,8672
52100002,8673
52100002,8680
52100002,8686
52100002,8696
52100002,8706
52100002,8712
52100002,8714
52100002,8717
52100002,8722
52100002,8727
52100002,8749
52100002,8754
52100002,8761
52100002,8762
52100002,8780
52100002,8803
52100002,8812
52100002,8814
52100002,8815
52100002,8817
52100002,8818
52100002,8825
52100002,8861
52100002,8863
52100002,8873
52100002,8879
52100002,8883
52100002,8913
52100002,8920
52100002,8921
52100002,8927
52100002,8928
52100002,8938
52100002,8951
52100002,8952
52100002,8954
52100002,8960
52100002,8983
52100002,8992
52100002,9017
52100002,9031
52100002,9032
52100002,9048
52100002,9054
52100002,9060
52100002,9063
52100002,9070
52100002,9072
52100002,9078
52100002,9089
52100002,9104
52100002,9112
52100002,9113
52100002,9123
52100002,9126
52100002,9156
52100002,9182
52100002,9191
52100002,9198
52100002,9201
52100002,9231
52100002,9234
52100002,9238
52100002,9240
52100002,9244
52100002,9258
52100002,9276
52100002,9292
52100002,9295
52100002,9299
52100002,9319
52100002,9331
52100002,9338
52100002,9353
52100002,9379
52100002,9384
52100002,9391
52100002,9400
52100002,9407
52100002,9409
52100002,9414
52100002,9416
52100002,9426
52100002,9458
52100002,9464
52100002,9469
52100002,9487
52100002,9494
52100002,9500
52100002,9528
52100002,9544
52100002,9555
52100002,9556
52100002,9574
52100002,9575
52100002,9576
52100002,9579
52100002,9592
52100002,9593
52100002,9606
52100002,9614
52100002,9629
52100002,9631
52100002,9633
52100002,9647
52100002,9653
52100002,9681
52100002,9690
52100002,9733
52100002,9745
52100002,9746
52100002,9747
52100002,9751
52100002,9758
52100002,9798
52100002,9800
52100002,9806
52100002,9808
52100002,9824
52100002,9847
52100002,9850
52100002,9856
52100002,9877
52100002,9878
52100002,9880
52100002,9885
52100002,9893
52100002,9917
52100002,9925
52100002,9929
52100002,9931
52100002,9932
52100002,9959
52100002,9971
52100002,9982
52100002,9986
52100002,10002
52100002,10005
52100002,10008
52100002,10010
52100002,10022
52100002,10023
52100002,10026
52100002,10040
52100002,10056
52100002,10078
52100002,10087
52100002,10118
52100002,10124
52100002,10130
52100002,10136
52100002,10137
52100002,10143
52100002,10146
52100002,10186
52100002,10210
52100002,10221
52100002,10223
52100002,10226
52100002,10246
52100002,10271
52100002,10297
52100002,10305
52100002,10312
52100002,10334
52100002,10335
52100002,10338
52100002,10361
52100002,10362
52100002,10367
52100002,10383
52100002,10430
52100002,10431
52100002,10455
52100002,10468
52100002,10476
52100002,10488
52100002,10496
52100002,10516
52100002,10533
52100002,10548
52100002,10553
52100002,10569
52100002,10589
52100002,10620
52100002,10621
52100002,10623
52100002,10626
52100002,10638
52100002,10647
52100002,10648
52100002,10650
52100002,10664
52100002,10666
52100002,10669
52100002,10674
52100002,10683
52100002,10688
52100002,10695
52100002,10699
52100002,10700
52100002,10727
52100002,10733
52100002,10751
52100002,10756
52100002,10759
52100002,10766
52100002,10784
52100002,10788
52100002,10793
52100002,10794
52100002,10802
52100002,10811
52100002,10820
52100002,10823
52100002,10829
52100002,10831
52100002,10833
52100002,10837
52100002,10844
52100002,10857
52100002,10862
52100002,10890
52100002,10896
52100002,10908
52100002,10914
52100002,10921
52100002,10932
52100002,10942
52100002,10947
52100002,10956
52100002,10965
52100002,10967
52100002,10968
52100002,10974
52100002,10982
52100002,10994
52100002,11004
52100002,11007
52100002,11020
52100002,11023
52100002,11026
52100002,11039
52100002,11046
52100002,11047
52100002,11061
52100002,11062
52100002,11066
52100002,11079
52100002,11091
52100002,11103
52100002,11108
52100002,11115
52100002,11127
52100002,11165
52100002,11168
52100002,11195
52100002,11198
52100002,11213
52100002,11223
52100002,11224
52100002,11234
52100002,11243
52100002,11247
52100002,11265
52100002,11284
52100002,11286
52100002,11291
52100002,11309
52100002,11329
52100002,11334
52100002,11341
52100002,11345
52100002,11351
52100002,11354
52100002,11367
52100002,11369
52100002,11370
52100002,11372
52100002,11418
52100002,11421
52100002,11433
52100002,11445
52100002,11454
52100002,11458
52100002,11472
52100002,11492
52100002,11497
52100002,11512
52100002,11515
52100002,11526
52100002,11534
52100002,11536
52100002,11551
52100002,11552
52100002,11564
52100002,11579
52100002,11589
52100002,11605
52100002,11606
52100002,11637
52100002,11659
52100002,11664
52100002,11693
52100002,11696
52100002,11697
52100002,11755
52100002,11758
52100002,11773
52100002,11775
52100002,11780
52100002,11786
52100002,11788
52100002,11795
52100002,11801
52100002,11806
52100002,11819
52100002,11823
52100002,11843
52100002,11857
52100002,11863
52100002,11865
52100002,11886
52100002,11890
52100002,11899
52100002,11901
52100002,11923
52100002,11938
52100002,11988
52100002,11989
52100002,11996
52100002,12003
52100002,12006
52100002,12023
52100002,12024
52100002,12029
52100002,12034
52100002,12036
52100002,12043
52100002,12045
52100002,12052
52100002,12053
52100002,12061
52100002,12105
52100002,12120
52100002,12130
52100002,12140
52100002,12153
52100002,12156
52100002,12186
52100002,12195
52100002,12202
52100002,12206
52100002,12207
52100002,12216
52100002,12225
52100002,12239
52100002,12240
52100002,12241
52100002,12299
52100002,12316
52100002,12319
52100002,12321
52100002,12324
52100002,12332
52100002,12345
52100002,12352
52100002,12354
52100002,12361
52100002,12367
52100002,12376
52100002,12393
52100002,12397
52100002,12403
52100002,12415
52100002,12423
52100002,12439
52100002,12447
52100002,12448
52100002,12464
52100002,12478
52100002,12483
52100002,12494
52100002,12506
52100002,12513
52100002,12517
52100002,12520
52100002,12527
52100002,12532
52100002,12533
52100002,12538
52100002,12541
52100002,12565
52100002,12578
52100002,12581
52100002,12594
52100002,12604
52100002,12605
52100002,12611
52100002,12630
52100002,12647
52100002,12653
52100002,12659
52100002,12662
52100002,12665
52100002,12668
52100002,12672
52100002,12679
52100002,12682
52100002,12684
52100002,12694
52100002,12700
52100002,12703
52100002,12709
52100002,12730
52100002,12736
52100002,12749
52100002,12769
52100002,12789
52100002,12808
52100002,12824
52100002,12825
52100002,12832
52100002,12839
52100002,12850
52100002,12869
52100002,12888
52100002,12890
52100002,12891
52100002,12910
52100002,12939
52100002,12962
52100002,12969
52100002,12973
52100002,12980
52100002,12982
52100002,12983
52100002,12984
52100002,12996
52100002,12998
52100002,13003
52100002,13007
52100002,13036
52100002,13039
52100002,13059
52100002,13063
52100002,13074
52100002,13075
52100002,13081
52100002,13088
52100002,13092
52100002,13101
52100002,13114
52100002,13126
52100002,13133
52100002,13135
52100002,13142
52100002,13147
52100002,13162
52100002,13187
52100002,13194
52100002,13207
52100002,13211
52100002,13233
52100002,13242
52100002,13250
52100002,13255
52100002,13297
52100002,13305
52100002,13316
52100002,13321
52100002,13330
52100002,13331
52100002,13366
52100002,13368
52100002,13375
52100002,13376
52100002,13379
52100002,13385
52100002,13387
52100002,13389
52100002,13407
52100002,13408
52100002,13409
52100002,13422
52100002,13424
52100002,13427
52100002,13452
52100002,13461
52100002,13467
52100002,13476
52100002,13515
52100002,13525
52100002,13531
52100002,13550
52100002,13557
52100002,13562
52100002,13564
52100002,13579
52100002,13581
52100002,13582
52100002,13583
52100002,13596
52100002,13625
52100002,13626
52100002,13632
52100002,13634
52100002,13635
52100002,13636
52100002,13642
52100002,13678
52100002,13682
52100002,13685
52100002,13696
52100002,13708
52100002,13718
52100002,13727
52100002,13728
52100002,13732
52100002,13750
52100002,13753
52100002,13765
52100002,13778
52100002,13781
52100002,13782
52100002,13784
52100002,13785
52100002,13791
52100002,13797
52100002,13810
52100002,13817
52100002,13829
52100002,13857
52100002,13859
52100002,13869
52100002,13888
52100002,13903
52100002,13915
52100002,13928
52100002,13949
52100002,13964
52100002,13966
52100002,13968
52100002,13981
52100002,13988
52100002,13989
52100002,13990
52100002,14008
52100002,14021
52100002,14022
52100002,14028
52100002,14044
52100002,14048
52100002,14056
52100002,14062
52100002,14073
52100002,14074
52100002,14079
52100002,14084
52100002,14088
52100002,14103
52100002,14159
52100002,14160
52100002,14169
52100002,14184
52100002,14189
52100002,14198
52100002,14203
52100002,14209
52100002,14214
52100002,14228
52100002,14239
52100002,14242
52100002,14246
52100002,14251
52100002,14256
52100002,14286
52100002,14290
52100002,14291
52100002,14301
52100002,14312
52100002,14314
52100002,14315
52100002,14333
52100002,14334
52100002,14344
52100002,14349
52100002,14350
52100002,14359
52100002,14366
52100002,14373
52100002,14374
52100002,14384
52100002,14387
52100002,14402
52100002,14408
52100002,14428
52100002,14430
52100002,14439
52100002,14446
52100002,14447
52100002,14450
52100002,14460
52100002,14468
52100002,14477
52100002,14495
52100002,14497
52100002,14498
52100002,14514
52100002,14531
52100002,14549
52100002,14553
52100002,14567
52100002,14570
52100002,14575
52100002,14587
52100002,14609
52100002,14612
52100002,14616
52100002,14617
52100002,14622
52100002,14638
52100002,14639
52100002,14640
52100002,14647
52100002,14670
52100002,14676
52100002,14700
52100002,14702
52100002,14711
52100002,14722
52100002,14751
52100002,14763
52100002,14771
52100002,14774
52100002,14775
52100002,14784
52100002,14803
52100002,14805
52100002,14806
52100002,14810
52100002,14811
52100002,14812
52100002,14816
52100002,14832
52100002,14850
52100002,14852
52100002,14854
52100002,14867
52100002,14871
52100002,14872
52100002,14874
52100002,14913
52100002,14914
52100002,14917
52100002,14922
52100002,14935
52100002,14955
52100002,14974
52100002,14975
52100002,14990
52100002,14991
52100002,14993
52100002,15004
52100002,15005
52100002,15011
52100002,15012
52100002,15018
52100002,15029
52100002,15032
52100002,15036
52100002,15049
52100002,15053
52100002,15084
52100002,15085
52100002,15112
52100002,15127
52100002,15130
52100002,15153
52100002,15167
52100002,15179
52100002,15190
52100002,15194
52100002,15198
52100002,15220
52100002,15240
52100002,15249
52100002,15252
52100002,15254
52100002,15261
52100002,15265
52100002,15267
52100002,15287
52100002,15289
52100002,15291
52100002,15302
52100002,15320
52100002,15331
52100002,15333
52100002,15337
52100002,15346
52100002,15350
52100002,15371
52100002,15375
52100002,15377
52100002,15380
52100002,15395
52100002,15397
52100002,15402
52100002,15419
52100002,15429
52100002,15439
52100002,15441
52100002,15442
52100002,15444
52100002,15447
52100002,15449
52100002,15458
52100002,15460
52100002,15479
52100002,15487
52100002,15491
52100002,15507
52100002,15510
52100002,15511
52100002,15512
52100002,15556
52100002,15557
52100002,15558
52100002,15569
52100002,15582
52100002,15583
52100002,15590
52100002,15592
52100002,15594
52100002,15595
52100002,15599
52100002,15617
52100002,15625
52100002,15626
52100002,15635
52100002,15642
52100002,15660
52100002,15679
52100002,15683
52100002,15684
52100002,15697
52100002,15706
52100002,15710
52100002,15716
52100002,15718
52100002,15720
52100002,15733
52100002,15734
52100002,15737
52100002,15739
52100002,15750
52100002,15766
52100002,15774
52100002,15781
52100002,15786
52100002,15787
52100002,15818
52100002,15832
52100002,15833
52100002,15847
52100002,15850
52100002,15854
52100002,15875
52100002,15888
52100002,15913
52100002,15916
52100002,15927
52100002,15939
52100002,15943
52100002,15950
52100002,15952
52100002,15960
52100002,15976
52100002,15985
52100002,15995
52100002,16001
52100002,16002
52100002,16004
52100002,16005
52100002,16014
52100002,16015
52100002,16020
52100002,16022
52100002,16038
52100002,16049
52100002,16065
52100002,16079
52100002,16081
52100002,16088
52100002,16090
52100002,16094
52100002,16102
52100002,16105
52100002,16121
52100002,16140
52100002,16150
52100002,16153
52100002,16154
52100002,16161
52100002,16166
52100002,16168
52100002,16178
52100002,16179
52100002,16188
52100002,16194
52100002,16199
52100002,16202
52100002,16203
52100002,16207
52100002,16211
52100002,16213
52100002,16230
52100002,16231
52100002,16232
52100002,16244
52100002,16249
52100002,16254
52100002,16258
52100002,16267
52100002,16285
52100002,16288
52100002,16290
52100002,16303
52100002,16316
52100002,16322
52100002,16324
52100002,16341
52100002,16349
52100002,16357
52100002,16361
52100002,16365
52100002,16368
52100002,16384
52100002,16390
52100002,16394
52100002,16401
52100002,16412
52100002,16416
52100002,16418
52100002,16422
52100002,16458
52100002,16461
52100002,16465
52100002,16475
52100002,16482
52100002,16494
52100002,16497
52100002,16505
52100002,16508
52100002,16511
52100002,16518
52100002,16523
52100002,16524
52100002,16527
52100002,16542
52100002,16544
52100002,16545
52100002,16546
52100002,16549
52100002,16551
52100002,16572
52100002,16585
52100002,16587
52100002,16593
52100002,16594
52100002,16597
52100002,16602
52100002,16604
52100002,16611
52100002,16621
52100002,16633
52100002,16637
52100002,16638
52100002,16641
52100002,16642
52100002,16648
52100002,16663
52100002,16673
52100002,16675
52100002,16702
52100002,16704
52100002,16717
52100002,16719
52100002,16722
52100002,16742
52100002,16748
52100002,16749
52100002,16754
52100002,16755
52100002,16757
52100002,16765
52100002,16776
52100002,16779
52100002,16786
52100002,16788
52100002,16790
52100002,16794
52100002,16796
52100002,16803
52100002,16830
52100002,16847
52100002,16848
52100002,16849
52100002,16855
52100002,16863
52100002,16864
52100002,16869
52100002,16876
52100002,16877
52100002,16879
